timeStamp,elapsed,label,responseCode,responseMessage,threadName,dataType,success,failureMessage,bytes,sentBytes,grpThreads,allThreads,URL,Latency,IdleTime,Connect
1584758172988,33,Homepage,200,OK,Users-100 1-1,text,true,,2050,125,3,6,http://149.165.170.68:30007/,33,0,12
1584758172998,24,Homepage,200,OK,Users-100 1-2,text,true,,2050,125,4,8,http://149.165.170.68:30007/,24,0,10
1584758173021,12,Homepage,200,OK,Users-100 1-1,text,true,,2050,125,5,10,http://149.165.170.68:30007/,12,0,0
1584758173008,31,Homepage,200,OK,Users-100 1-3,text,true,,2050,125,5,10,http://149.165.170.68:30007/,31,0,12
1584758173023,17,Homepage,200,OK,Users-100 1-2,text,true,,2050,125,6,12,http://149.165.170.68:30007/,17,0,0
1584758173033,12,Homepage,200,OK,Users-100 1-1,text,true,,2050,125,6,12,http://149.165.170.68:30007/,12,0,0
1584758173022,23,Homepage,200,OK,Users-100 1-4,text,true,,2050,125,5,11,http://149.165.170.68:30007/,23,0,11
1584758173039,15,Homepage,200,OK,Users-100 1-3,text,true,,2050,125,6,12,http://149.165.170.68:30007/,15,0,0
1584758173041,13,Homepage,200,OK,Users-100 1-2,text,true,,2050,125,6,12,http://149.165.170.68:30007/,13,0,0
1584758173045,18,Homepage,200,OK,Users-100 1-4,text,true,,2050,125,6,13,http://149.165.170.68:30007/,18,0,0
1584758173030,33,Homepage,200,OK,Users-100 1-5,text,true,,2050,125,6,13,http://149.165.170.68:30007/,33,0,9
1584758173055,11,Homepage,200,OK,Users-100 1-3,text,true,,2050,125,6,13,http://149.165.170.68:30007/,11,0,0
1584758173041,29,Homepage,200,OK,Users-100 1-6,text,true,,2050,125,5,13,http://149.165.170.68:30007/,29,0,13
1584758173063,12,Homepage,200,OK,Users-100 1-5,text,true,,2050,125,6,14,http://149.165.170.68:30007/,11,0,0
1584758173063,12,Homepage,200,OK,Users-100 1-4,text,true,,2050,125,6,14,http://149.165.170.68:30007/,12,0,0
1584758173055,22,Homepage,200,OK,Users-100 1-7,text,true,,2050,125,5,14,http://149.165.170.68:30007/,22,0,11
1584758173070,13,Homepage,200,OK,Users-100 1-6,text,true,,2050,125,6,15,http://149.165.170.68:30007/,13,0,0
1584758173061,23,Homepage,200,OK,Users-100 1-8,text,true,,2050,125,6,15,http://149.165.170.68:30007/,23,0,11
1584758173075,12,Homepage,200,OK,Users-100 1-5,text,true,,2050,125,6,15,http://149.165.170.68:30007/,12,0,0
1584758173077,16,Homepage,200,OK,Users-100 1-7,text,true,,2050,125,5,14,http://149.165.170.68:30007/,16,0,0
1584758173084,13,Homepage,200,OK,Users-100 1-8,text,true,,2050,125,6,15,http://149.165.170.68:30007/,13,0,0
1584758173083,14,Homepage,200,OK,Users-100 1-6,text,true,,2050,125,6,15,http://149.165.170.68:30007/,14,0,0
1584758173073,24,Homepage,200,OK,Users-100 1-9,text,true,,2050,125,6,15,http://149.165.170.68:30007/,24,0,11
1584758173094,15,Homepage,200,OK,Users-100 1-7,text,true,,2050,125,6,17,http://149.165.170.68:30007/,15,0,0
1584758173097,13,Homepage,200,OK,Users-100 1-8,text,true,,2050,125,5,16,http://149.165.170.68:30007/,13,0,0
1584758173079,31,Homepage,200,OK,Users-100 1-10,text,true,,2050,125,5,16,http://149.165.170.68:30007/,31,0,14
1584758173097,13,Homepage,200,OK,Users-100 1-9,text,true,,2050,125,5,16,http://149.165.170.68:30007/,13,0,0
1584758173094,30,Homepage,200,OK,Users-100 1-11,text,true,,2050,125,6,17,http://149.165.170.68:30007/,28,0,15
1584758173110,15,Homepage,200,OK,Users-100 1-9,text,true,,2050,125,6,17,http://149.165.170.68:30007/,15,0,0
1584758173110,16,Homepage,200,OK,Users-100 1-10,text,true,,2050,125,5,16,http://149.165.170.68:30007/,16,0,0
1584758173100,26,Homepage,200,OK,Users-100 1-12,text,true,,2050,125,5,16,http://149.165.170.68:30007/,26,0,10
1584758173125,14,Homepage,200,OK,Users-100 1-11,text,true,,2050,125,6,18,http://149.165.170.68:30007/,12,0,0
1584758173126,15,Homepage,200,OK,Users-100 1-10,text,true,,2050,125,7,20,http://149.165.170.68:30007/,15,0,0
1584758173113,28,Homepage,200,OK,Users-100 1-13,text,true,,2050,125,7,20,http://149.165.170.68:30007/,28,0,12
1584758173126,15,Homepage,200,OK,Users-100 1-12,text,true,,2050,125,7,20,http://149.165.170.68:30007/,15,0,0
1584758173141,14,Homepage,200,OK,Users-100 1-12,text,true,,2050,125,7,20,http://149.165.170.68:30007/,14,0,0
1584758173141,15,Homepage,200,OK,Users-100 1-13,text,true,,2050,125,7,20,http://149.165.170.68:30007/,15,0,0
1584758173124,32,Homepage,200,OK,Users-100 1-14,text,true,,2050,125,7,20,http://149.165.170.68:30007/,32,0,13
1584758173139,17,Homepage,200,OK,Users-100 1-11,text,true,,2050,125,7,20,http://149.165.170.68:30007/,17,0,0
1584758173129,27,Homepage,200,OK,Users-100 1-15,text,true,,2050,125,5,18,http://149.165.170.68:30007/,27,0,12
1584758173156,12,Homepage,200,OK,Users-100 1-14,text,true,,2050,125,6,19,http://149.165.170.68:30007/,12,0,0
1584758173156,13,Homepage,200,OK,Users-100 1-15,text,true,,2050,125,6,19,http://149.165.170.68:30007/,13,0,0
1584758173168,12,Homepage,200,OK,Users-100 1-14,text,true,,2050,125,7,21,http://149.165.170.68:30007/,12,0,0
1584758173169,12,Homepage,200,OK,Users-100 1-15,text,true,,2050,125,7,21,http://149.165.170.68:30007/,11,0,0
1584758173160,24,Homepage,200,OK,Users-100 1-18,text,true,,2050,125,6,20,http://149.165.170.68:30007/,23,0,11
1584758173142,50,Homepage,200,OK,Users-100 1-16,text,true,,2050,125,7,22,http://149.165.170.68:30007/,48,0,11
1584758173156,37,Homepage,200,OK,Users-100 1-13,text,true,,2050,125,7,22,http://149.165.170.68:30007/,37,0,0
1584758173152,41,Homepage,200,OK,Users-100 1-17,text,true,,2050,125,6,21,http://149.165.170.68:30007/,41,0,16
1584758173173,25,Homepage,200,OK,Users-100 1-19,text,true,,2050,125,6,21,http://149.165.170.68:30007/,23,0,11
1584758173184,14,Homepage,200,OK,Users-100 1-18,text,true,,2050,125,6,21,http://149.165.170.68:30007/,14,0,0
1584758173181,24,Homepage,200,OK,Users-100 1-20,text,true,,2050,125,7,23,http://149.165.170.68:30007/,24,0,12
1584758173193,13,Homepage,200,OK,Users-100 1-16,text,true,,2050,125,7,23,http://149.165.170.68:30007/,13,0,0
1584758173194,12,Homepage,200,OK,Users-100 1-17,text,true,,2050,125,7,23,http://149.165.170.68:30007/,12,0,0
1584758173199,13,Homepage,200,OK,Users-100 1-18,text,true,,2050,125,8,25,http://149.165.170.68:30007/,12,0,0
1584758173199,14,Homepage,200,OK,Users-100 1-19,text,true,,2050,125,8,25,http://149.165.170.68:30007/,14,0,0
1584758173206,10,Homepage,200,OK,Users-100 1-20,text,true,,2050,125,7,24,http://149.165.170.68:30007/,10,0,0
1584758173206,10,Homepage,200,OK,Users-100 1-16,text,true,,2050,125,7,24,http://149.165.170.68:30007/,10,0,0
1584758173207,11,Homepage,200,OK,Users-100 1-17,text,true,,2050,125,6,23,http://149.165.170.68:30007/,11,0,0
1584758173194,25,Homepage,200,OK,Users-100 1-21,text,true,,2050,125,5,22,http://149.165.170.68:30007/,24,0,12
1584758173213,11,Homepage,200,OK,Users-100 1-19,text,true,,2050,125,6,24,http://149.165.170.68:30007/,11,0,0
1584758173217,11,Homepage,200,OK,Users-100 1-20,text,true,,2050,125,5,23,http://149.165.170.68:30007/,11,0,0
1584758173219,11,Homepage,200,OK,Users-100 1-21,text,true,,2050,125,5,24,http://149.165.170.68:30007/,11,0,0
1584758173213,21,Homepage,200,OK,Users-100 1-23,text,true,,2050,125,5,23,http://149.165.170.68:30007/,21,0,10
1584758173201,43,Homepage,200,OK,Users-100 1-22,text,true,,2050,125,6,25,http://149.165.170.68:30007/,43,0,13
1584758173230,20,Homepage,200,OK,Users-100 1-21,text,true,,2050,125,6,26,http://149.165.170.68:30007/,20,0,0
1584758173235,16,Homepage,200,OK,Users-100 1-23,text,true,,2050,125,5,25,http://149.165.170.68:30007/,16,0,0
1584758173221,31,Homepage,200,OK,Users-100 1-24,text,true,,2050,125,6,26,http://149.165.170.68:30007/,31,0,12
1584758173231,25,Homepage,200,OK,Users-100 1-25,text,true,,2050,125,6,26,http://149.165.170.68:30007/,25,0,11
1584758173245,12,Homepage,200,OK,Users-100 1-22,text,true,,2050,125,6,26,http://149.165.170.68:30007/,12,0,0
1584758173252,13,Homepage,200,OK,Users-100 1-24,text,true,,2050,125,7,27,http://149.165.170.68:30007/,13,0,0
1584758173251,15,Homepage,200,OK,Users-100 1-23,text,true,,2050,125,7,27,http://149.165.170.68:30007/,15,0,0
1584758173242,26,Homepage,200,OK,Users-100 1-26,text,true,,2050,125,6,26,http://149.165.170.68:30007/,25,0,12
1584758173256,13,Homepage,200,OK,Users-100 1-25,text,true,,2050,125,6,26,http://149.165.170.68:30007/,13,0,0
1584758173257,12,Homepage,200,OK,Users-100 1-22,text,true,,2050,125,6,25,http://149.165.170.68:30007/,12,0,0
1584758173251,24,Homepage,200,OK,Users-100 1-27,text,true,,2050,125,6,26,http://149.165.170.68:30007/,24,0,11
1584758173265,11,Homepage,200,OK,Users-100 1-24,text,true,,2050,125,6,26,http://149.165.170.68:30007/,11,0,0
1584758173268,11,Homepage,200,OK,Users-100 1-26,text,true,,2050,125,6,27,http://149.165.170.68:30007/,11,0,0
1584758173260,23,Homepage,200,OK,Users-100 1-28,text,true,,2050,125,6,27,http://149.165.170.68:30007/,22,0,9
1584758173269,14,Homepage,200,OK,Users-100 1-25,text,true,,2050,125,6,27,http://149.165.170.68:30007/,14,0,0
1584758173275,11,Homepage,200,OK,Users-100 1-27,text,true,,2050,125,5,26,http://149.165.170.68:30007/,11,0,0
1584758173279,13,Homepage,200,OK,Users-100 1-26,text,true,,2050,125,5,27,http://149.165.170.68:30007/,12,0,0
1584758173284,12,Homepage,200,OK,Users-100 1-28,text,true,,2050,125,5,27,http://149.165.170.68:30007/,11,0,0
1584758173274,23,Homepage,200,OK,Users-100 1-29,text,true,,2050,125,5,27,http://149.165.170.68:30007/,23,0,11
1584758173287,14,Homepage,200,OK,Users-100 1-27,text,true,,2050,125,6,29,http://149.165.170.68:30007/,11,0,0
1584758173279,24,Homepage,200,OK,Users-100 1-30,text,true,,2050,125,5,27,http://149.165.170.68:30007/,24,0,11
1584758173296,12,Homepage,200,OK,Users-100 1-28,text,true,,2050,125,5,27,http://149.165.170.68:30007/,12,0,0
1584758173297,12,Homepage,200,OK,Users-100 1-29,text,true,,2050,125,5,28,http://149.165.170.68:30007/,12,0,0
1584758173303,13,Homepage,200,OK,Users-100 1-30,text,true,,2050,125,5,27,http://149.165.170.68:30007/,13,0,0
1584758173293,23,Homepage,200,OK,Users-100 1-31,text,true,,2050,125,5,27,http://149.165.170.68:30007/,23,0,10
1584758173309,14,Homepage,200,OK,Users-100 1-29,text,true,,2050,125,6,29,http://149.165.170.68:30007/,14,0,0
1584758173301,27,Homepage,200,OK,Users-100 1-32,text,true,,2050,125,5,28,http://149.165.170.68:30007/,27,0,14
1584758173316,13,Homepage,200,OK,Users-100 1-30,text,true,,2050,125,5,28,http://149.165.170.68:30007/,13,0,0
1584758173316,13,Homepage,200,OK,Users-100 1-31,text,true,,2050,125,5,29,http://149.165.170.68:30007/,13,0,0
1584758173313,24,Homepage,200,OK,Users-100 1-33,text,true,,2050,125,5,28,http://149.165.170.68:30007/,24,0,11
1584758173328,13,Homepage,200,OK,Users-100 1-32,text,true,,2050,125,6,30,http://149.165.170.68:30007/,13,0,0
1584758173330,11,Homepage,200,OK,Users-100 1-31,text,true,,2050,125,6,30,http://149.165.170.68:30007/,11,0,0
1584758173323,23,Homepage,200,OK,Users-100 1-34,text,true,,2050,125,5,29,http://149.165.170.68:30007/,23,0,10
1584758173337,12,Homepage,200,OK,Users-100 1-33,text,true,,2050,125,5,29,http://149.165.170.68:30007/,11,0,0
1584758173342,10,Homepage,200,OK,Users-100 1-32,text,true,,2050,125,6,30,http://149.165.170.68:30007/,10,0,0
1584758173330,25,Homepage,200,OK,Users-100 1-35,text,true,,2050,125,5,29,http://149.165.170.68:30007/,25,0,10
1584758173346,12,Homepage,200,OK,Users-100 1-34,text,true,,2050,125,5,29,http://149.165.170.68:30007/,12,0,0
1584758173350,12,Homepage,200,OK,Users-100 1-33,text,true,,2050,125,6,31,http://149.165.170.68:30007/,12,0,0
1584758173355,13,Homepage,200,OK,Users-100 1-35,text,true,,2050,125,5,30,http://149.165.170.68:30007/,13,0,0
1584758173358,11,Homepage,200,OK,Users-100 1-34,text,true,,2050,125,5,30,http://149.165.170.68:30007/,11,0,0
1584758173343,27,Homepage,200,OK,Users-100 1-36,text,true,,2050,125,4,29,http://149.165.170.68:30007/,26,0,10
1584758173352,28,Homepage,200,OK,Users-100 1-37,text,true,,2050,125,5,31,http://149.165.170.68:30007/,28,0,14
1584758173368,14,Homepage,200,OK,Users-100 1-35,text,true,,2050,125,6,33,http://149.165.170.68:30007/,13,0,0
1584758173370,13,Homepage,200,OK,Users-100 1-36,text,true,,2050,125,5,32,http://149.165.170.68:30007/,13,0,0
1584758173361,24,Homepage,200,OK,Users-100 1-38,text,true,,2050,125,5,32,http://149.165.170.68:30007/,23,0,11
1584758173371,24,Homepage,200,OK,Users-100 1-39,text,true,,2050,125,6,34,http://149.165.170.68:30007/,24,0,11
1584758173383,13,Homepage,200,OK,Users-100 1-36,text,true,,2050,125,6,34,http://149.165.170.68:30007/,12,0,0
1584758173380,16,Homepage,200,OK,Users-100 1-37,text,true,,2050,125,6,34,http://149.165.170.68:30007/,16,0,0
1584758173385,12,Homepage,200,OK,Users-100 1-38,text,true,,2050,125,5,33,http://149.165.170.68:30007/,12,0,0
1584758173395,11,Homepage,200,OK,Users-100 1-39,text,true,,2050,125,6,35,http://149.165.170.68:30007/,11,0,0
1584758173381,26,Homepage,200,OK,Users-100 1-40,text,true,,2050,125,6,35,http://149.165.170.68:30007/,26,0,14
1584758173397,12,Homepage,200,OK,Users-100 1-38,text,true,,2050,125,6,35,http://149.165.170.68:30007/,12,0,0
1584758173396,18,Homepage,200,OK,Users-100 1-37,text,true,,2050,125,6,36,http://149.165.170.68:30007/,18,0,0
1584758173406,13,Homepage,200,OK,Users-100 1-39,text,true,,2050,125,5,35,http://149.165.170.68:30007/,12,0,0
1584758173401,22,Homepage,200,OK,Users-100 1-42,text,true,,2050,125,5,36,http://149.165.170.68:30007/,22,0,10
1584758173408,15,Homepage,200,OK,Users-100 1-40,text,true,,2050,125,5,36,http://149.165.170.68:30007/,15,0,0
1584758173395,32,Homepage,200,OK,Users-100 1-41,text,true,,2050,125,5,36,http://149.165.170.68:30007/,32,0,12
1584758173423,15,Homepage,200,OK,Users-100 1-42,text,true,,2050,125,6,38,http://149.165.170.68:30007/,15,0,0
1584758173424,14,Homepage,200,OK,Users-100 1-40,text,true,,2050,125,6,38,http://149.165.170.68:30007/,14,0,0
1584758173413,25,Homepage,200,OK,Users-100 1-43,text,true,,2050,125,6,38,http://149.165.170.68:30007/,25,0,11
1584758173427,11,Homepage,200,OK,Users-100 1-41,text,true,,2050,125,5,37,http://149.165.170.68:30007/,11,0,0
1584758173421,25,Homepage,200,OK,Users-100 1-44,text,true,,2050,125,6,39,http://149.165.170.68:30007/,25,0,12
1584758173438,17,Homepage,200,OK,Users-100 1-43,text,true,,2050,125,7,41,http://149.165.170.68:30007/,11,0,0
1584758173438,17,Homepage,200,OK,Users-100 1-42,text,true,,2050,125,7,41,http://149.165.170.68:30007/,17,0,0
1584758173439,16,Homepage,200,OK,Users-100 1-41,text,true,,2050,125,7,41,http://149.165.170.68:30007/,16,0,0
1584758173447,12,Homepage,200,OK,Users-100 1-44,text,true,,2050,125,6,40,http://149.165.170.68:30007/,10,0,0
1584758173433,26,Homepage,200,OK,Users-100 1-45,text,true,,2050,125,6,40,http://149.165.170.68:30007/,26,0,12
1584758173455,12,Homepage,200,OK,Users-100 1-43,text,true,,2050,125,6,41,http://149.165.170.68:30007/,12,0,0
1584758173442,27,Homepage,200,OK,Users-100 1-46,text,true,,2050,125,5,40,http://149.165.170.68:30007/,27,0,13
1584758173459,14,Homepage,200,OK,Users-100 1-44,text,true,,2050,125,6,41,http://149.165.170.68:30007/,14,0,0
1584758173459,16,Homepage,200,OK,Users-100 1-45,text,true,,2050,125,5,40,http://149.165.170.68:30007/,16,0,0
1584758173456,25,Homepage,200,OK,Users-100 1-47,text,true,,2050,125,6,41,http://149.165.170.68:30007/,25,0,13
1584758173469,12,Homepage,200,OK,Users-100 1-46,text,true,,2050,125,6,41,http://149.165.170.68:30007/,12,0,0
1584758173475,17,Homepage,200,OK,Users-100 1-45,text,true,,2050,125,7,43,http://149.165.170.68:30007/,15,0,0
1584758173458,34,Homepage,200,OK,Users-100 1-48,text,true,,2050,125,6,42,http://149.165.170.68:30007/,34,0,17
1584758173481,11,Homepage,200,OK,Users-100 1-46,text,true,,2050,125,6,42,http://149.165.170.68:30007/,11,0,0
1584758173470,23,Homepage,200,OK,Users-100 1-49,text,true,,2050,125,5,41,http://149.165.170.68:30007/,23,0,11
1584758173481,15,Homepage,200,OK,Users-100 1-47,text,true,,2050,125,5,41,http://149.165.170.68:30007/,15,0,0
1584758173493,13,Homepage,200,OK,Users-100 1-49,text,true,,2050,125,6,43,http://149.165.170.68:30007/,13,0,0
1584758173481,25,Homepage,200,OK,Users-100 1-50,text,true,,2050,125,6,43,http://149.165.170.68:30007/,25,0,11
1584758173496,11,Homepage,200,OK,Users-100 1-47,text,true,,2050,125,6,43,http://149.165.170.68:30007/,11,0,0
1584758173492,18,Homepage,200,OK,Users-100 1-48,text,true,,2050,125,6,43,http://149.165.170.68:30007/,18,0,0
1584758173492,24,Homepage,200,OK,Users-100 1-51,text,true,,2050,125,6,43,http://149.165.170.68:30007/,24,0,14
1584758173506,13,Homepage,200,OK,Users-100 1-50,text,true,,2050,125,6,43,http://149.165.170.68:30007/,12,0,0
1584758173506,13,Homepage,200,OK,Users-100 1-49,text,true,,2050,125,6,43,http://149.165.170.68:30007/,13,0,0
1584758173510,20,Homepage,200,OK,Users-100 1-48,text,true,,2050,125,6,44,http://149.165.170.68:30007/,20,0,0
1584758173516,14,Homepage,200,OK,Users-100 1-51,text,true,,2050,125,7,46,http://149.165.170.68:30007/,14,0,0
1584758173520,11,Homepage,200,OK,Users-100 1-50,text,true,,2050,125,6,45,http://149.165.170.68:30007/,11,0,0
1584758173501,31,Homepage,200,OK,Users-100 1-52,text,true,,2050,125,5,44,http://149.165.170.68:30007/,31,0,12
1584758173530,11,Homepage,200,OK,Users-100 1-51,text,true,,2050,125,6,46,http://149.165.170.68:30007/,11,0,0
1584758173521,23,Homepage,200,OK,Users-100 1-54,text,true,,2050,125,5,45,http://149.165.170.68:30007/,22,0,11
1584758173532,13,Homepage,200,OK,Users-100 1-52,text,true,,2050,125,5,45,http://149.165.170.68:30007/,12,0,0
1584758173511,38,Homepage,200,OK,Users-100 1-53,text,true,,2050,125,5,45,http://149.165.170.68:30007/,38,0,20
1584758173544,11,Homepage,200,OK,Users-100 1-54,text,true,,2050,125,6,46,http://149.165.170.68:30007/,11,0,0
1584758173545,15,Homepage,200,OK,Users-100 1-52,text,true,,2050,125,6,46,http://149.165.170.68:30007/,15,0,0
1584758173542,36,Homepage,200,OK,Users-100 1-56,text,true,,2050,125,7,48,http://149.165.170.68:30007/,36,0,10
1584758173549,30,Homepage,200,OK,Users-100 1-53,text,true,,2050,125,7,48,http://149.165.170.68:30007/,30,0,0
1584758173531,48,Homepage,200,OK,Users-100 1-55,text,true,,2050,125,7,47,http://149.165.170.68:30007/,48,0,19
1584758173556,23,Homepage,200,OK,Users-100 1-54,text,true,,2050,125,7,47,http://149.165.170.68:30007/,23,0,0
1584758173579,15,Homepage,200,OK,Users-100 1-56,text,true,,2050,125,7,48,http://149.165.170.68:30007/,15,0,0
1584758173579,19,Homepage,200,OK,Users-100 1-55,text,true,,2050,125,8,49,http://149.165.170.68:30007/,19,0,0
1584758173553,45,Homepage,200,OK,Users-100 1-57,text,true,,2050,125,8,49,http://149.165.170.68:30007/,45,0,26
1584758173579,20,Homepage,200,OK,Users-100 1-53,text,true,,2050,125,8,49,http://149.165.170.68:30007/,20,0,0
1584758173571,29,Homepage,200,OK,Users-100 1-59,text,true,,2050,125,7,49,http://149.165.170.68:30007/,29,0,13
1584758173561,46,Homepage,200,OK,Users-100 1-58,text,true,,2050,125,8,50,http://149.165.170.68:30007/,46,0,29
1584758173594,13,Homepage,200,OK,Users-100 1-56,text,true,,2050,125,8,50,http://149.165.170.68:30007/,13,0,0
1584758173601,12,Homepage,200,OK,Users-100 1-59,text,true,,2050,125,8,50,http://149.165.170.68:30007/,11,0,0
1584758173598,18,Homepage,200,OK,Users-100 1-55,text,true,,2050,125,8,50,http://149.165.170.68:30007/,18,0,0
1584758173599,17,Homepage,200,OK,Users-100 1-57,text,true,,2050,125,8,50,http://149.165.170.68:30007/,17,0,0
1584758173595,25,Homepage,200,OK,Users-100 1-61,text,true,,2050,125,7,49,http://149.165.170.68:30007/,25,0,12
1584758173583,37,Homepage,200,OK,Users-100 1-60,text,true,,2050,125,7,49,http://149.165.170.68:30007/,37,0,16
1584758173607,17,Homepage,200,OK,Users-100 1-58,text,true,,2050,125,8,51,http://149.165.170.68:30007/,17,0,0
1584758173613,13,Homepage,200,OK,Users-100 1-59,text,true,,2050,125,8,51,http://149.165.170.68:30007/,13,0,0
1584758173616,16,Homepage,200,OK,Users-100 1-57,text,true,,2050,125,8,52,http://149.165.170.68:30007/,15,0,0
1584758173602,30,Homepage,200,OK,Users-100 1-62,text,true,,2050,125,8,52,http://149.165.170.68:30007/,29,0,14
1584758173620,15,Homepage,200,OK,Users-100 1-61,text,true,,2050,125,7,51,http://149.165.170.68:30007/,15,0,0
1584758173620,17,Homepage,200,OK,Users-100 1-60,text,true,,2050,125,7,51,http://149.165.170.68:30007/,17,0,0
1584758173610,27,Homepage,200,OK,Users-100 1-63,text,true,,2050,125,7,51,http://149.165.170.68:30007/,27,0,14
1584758173624,15,Homepage,200,OK,Users-100 1-58,text,true,,2050,125,7,51,http://149.165.170.68:30007/,15,0,0
1584758173632,14,Homepage,200,OK,Users-100 1-62,text,true,,2050,125,7,52,http://149.165.170.68:30007/,14,0,0
1584758173637,12,Homepage,200,OK,Users-100 1-63,text,true,,2050,125,7,53,http://149.165.170.68:30007/,12,0,0
1584758173635,15,Homepage,200,OK,Users-100 1-61,text,true,,2050,125,7,53,http://149.165.170.68:30007/,14,0,0
1584758173624,27,Homepage,200,OK,Users-100 1-64,text,true,,2050,125,6,52,http://149.165.170.68:30007/,27,0,14
1584758173637,17,Homepage,200,OK,Users-100 1-60,text,true,,2050,125,7,53,http://149.165.170.68:30007/,17,0,0
1584758173630,26,Homepage,200,OK,Users-100 1-65,text,true,,2050,125,6,52,http://149.165.170.68:30007/,26,0,12
1584758173649,11,Homepage,200,OK,Users-100 1-63,text,true,,2050,125,6,53,http://149.165.170.68:30007/,11,0,0
1584758173646,15,Homepage,200,OK,Users-100 1-62,text,true,,2050,125,6,53,http://149.165.170.68:30007/,14,0,0
1584758173656,11,Homepage,200,OK,Users-100 1-64,text,true,,2050,125,5,51,http://149.165.170.68:30007/,11,0,0
1584758173656,12,Homepage,200,OK,Users-100 1-65,text,true,,2050,125,5,51,http://149.165.170.68:30007/,12,0,0
1584758173641,29,Homepage,200,OK,Users-100 1-66,text,true,,2050,125,6,53,http://149.165.170.68:30007/,28,0,14
1584758173667,11,Homepage,200,OK,Users-100 1-64,text,true,,2050,125,6,53,http://149.165.170.68:30007/,11,0,0
1584758173671,10,Homepage,200,OK,Users-100 1-66,text,true,,2050,125,5,53,http://149.165.170.68:30007/,10,0,0
1584758173668,13,Homepage,200,OK,Users-100 1-65,text,true,,2050,125,5,53,http://149.165.170.68:30007/,13,0,0
1584758173657,27,Homepage,200,OK,Users-100 1-67,text,true,,2050,125,5,53,http://149.165.170.68:30007/,27,0,14
1584758173662,24,Homepage,200,OK,Users-100 1-68,text,true,,2050,125,5,53,http://149.165.170.68:30007/,24,0,11
1584758173669,21,Homepage,200,OK,Users-100 1-69,text,true,,2050,125,5,53,http://149.165.170.68:30007/,21,0,10
1584758173682,11,Homepage,200,OK,Users-100 1-66,text,true,,2050,125,6,54,http://149.165.170.68:30007/,11,0,0
1584758173685,12,Homepage,200,OK,Users-100 1-67,text,true,,2050,125,5,53,http://149.165.170.68:30007/,12,0,0
1584758173686,14,Homepage,200,OK,Users-100 1-68,text,true,,2050,125,5,53,http://149.165.170.68:30007/,14,0,0
1584758173691,11,Homepage,200,OK,Users-100 1-69,text,true,,2050,125,6,55,http://149.165.170.68:30007/,11,0,0
1584758173683,25,Homepage,200,OK,Users-100 1-70,text,true,,2050,125,6,55,http://149.165.170.68:30007/,25,0,12
1584758173697,14,Homepage,200,OK,Users-100 1-67,text,true,,2050,125,6,56,http://149.165.170.68:30007/,14,0,0
1584758173700,12,Homepage,200,OK,Users-100 1-68,text,true,,2050,125,6,56,http://149.165.170.68:30007/,12,0,0
1584758173702,12,Homepage,200,OK,Users-100 1-69,text,true,,2050,125,5,55,http://149.165.170.68:30007/,12,0,0
1584758173694,22,Homepage,200,OK,Users-100 1-71,text,true,,2050,125,4,54,http://149.165.170.68:30007/,21,0,10
1584758173709,13,Homepage,200,OK,Users-100 1-70,text,true,,2050,125,5,56,http://149.165.170.68:30007/,12,0,0
1584758173702,23,Homepage,200,OK,Users-100 1-72,text,true,,2050,125,5,56,http://149.165.170.68:30007/,23,0,11
1584758173716,12,Homepage,200,OK,Users-100 1-71,text,true,,2050,125,5,56,http://149.165.170.68:30007/,11,0,0
1584758173722,13,Homepage,200,OK,Users-100 1-70,text,true,,2050,125,6,58,http://149.165.170.68:30007/,12,0,0
1584758173712,24,Homepage,200,OK,Users-100 1-73,text,true,,2050,125,5,57,http://149.165.170.68:30007/,24,0,12
1584758173726,12,Homepage,200,OK,Users-100 1-72,text,true,,2050,125,5,57,http://149.165.170.68:30007/,12,0,0
1584758173728,12,Homepage,200,OK,Users-100 1-71,text,true,,2050,125,5,57,http://149.165.170.68:30007/,12,0,0
1584758173719,24,Homepage,200,OK,Users-100 1-74,text,true,,2050,125,5,58,http://149.165.170.68:30007/,23,0,11
1584758173736,12,Homepage,200,OK,Users-100 1-73,text,true,,2050,125,5,58,http://149.165.170.68:30007/,12,0,0
1584758173738,11,Homepage,200,OK,Users-100 1-72,text,true,,2050,125,5,59,http://149.165.170.68:30007/,10,0,0
1584758173744,15,Homepage,200,OK,Users-100 1-74,text,true,,2050,125,6,61,http://149.165.170.68:30007/,14,0,0
1584758173748,13,Homepage,200,OK,Users-100 1-73,text,true,,2050,125,6,61,http://149.165.170.68:30007/,13,0,0
1584758173731,31,Homepage,200,OK,Users-100 1-75,text,true,,2050,125,5,60,http://149.165.170.68:30007/,30,0,13
1584758173743,25,Homepage,200,OK,Users-100 1-76,text,true,,2050,125,6,62,http://149.165.170.68:30007/,25,0,12
1584758173759,14,Homepage,200,OK,Users-100 1-74,text,true,,2050,125,6,62,http://149.165.170.68:30007/,14,0,0
1584758173752,22,Homepage,200,OK,Users-100 1-77,text,true,,2050,125,5,61,http://149.165.170.68:30007/,22,0,10
1584758173762,17,Homepage,200,OK,Users-100 1-75,text,true,,2050,125,6,63,http://149.165.170.68:30007/,17,0,0
1584758173769,11,Homepage,200,OK,Users-100 1-76,text,true,,2050,125,6,63,http://149.165.170.68:30007/,11,0,0
1584758173759,23,Homepage,200,OK,Users-100 1-78,text,true,,2050,125,6,62,http://149.165.170.68:30007/,23,0,11
1584758173775,16,Homepage,200,OK,Users-100 1-77,text,true,,2050,125,6,62,http://149.165.170.68:30007/,14,0,0
1584758173769,23,Homepage,200,OK,Users-100 1-79,text,true,,2050,125,7,63,http://149.165.170.68:30007/,23,0,11
1584758173782,11,Homepage,200,OK,Users-100 1-78,text,true,,2050,125,7,63,http://149.165.170.68:30007/,11,0,0
1584758173780,14,Homepage,200,OK,Users-100 1-76,text,true,,2050,125,7,63,http://149.165.170.68:30007/,14,0,0
1584758173779,19,Homepage,200,OK,Users-100 1-75,text,true,,2050,125,6,61,http://149.165.170.68:30007/,18,0,0
1584758173779,23,Homepage,200,OK,Users-100 1-80,text,true,,2050,125,6,61,http://149.165.170.68:30007/,23,0,12
1584758173791,12,Homepage,200,OK,Users-100 1-77,text,true,,2050,125,6,61,http://149.165.170.68:30007/,12,0,0
1584758173793,12,Homepage,200,OK,Users-100 1-79,text,true,,2050,125,5,60,http://149.165.170.68:30007/,12,0,0
1584758173794,12,Homepage,200,OK,Users-100 1-78,text,true,,2050,125,5,60,http://149.165.170.68:30007/,12,0,0
1584758173805,13,Homepage,200,OK,Users-100 1-79,text,true,,2050,125,5,59,http://149.165.170.68:30007/,13,0,0
1584758173794,33,Homepage,200,OK,Users-100 1-81,text,true,,2050,125,5,60,http://149.165.170.68:30007/,33,0,18
1584758173801,28,Homepage,200,OK,Users-100 1-82,text,true,,2050,125,5,61,http://149.165.170.68:30007/,28,0,12
1584758173803,27,Homepage,200,OK,Users-100 1-80,text,true,,2050,125,5,61,http://149.165.170.68:30007/,27,0,0
1584758173814,21,Homepage,200,OK,Users-100 1-83,text,true,,2050,125,6,62,http://149.165.170.68:30007/,21,0,10
1584758173830,11,Homepage,200,OK,Users-100 1-80,text,true,,2050,125,7,63,http://149.165.170.68:30007/,11,0,0
1584758173819,24,Homepage,200,OK,Users-100 1-84,text,true,,2050,125,6,63,http://149.165.170.68:30007/,22,0,11
1584758173830,13,Homepage,200,OK,Users-100 1-82,text,true,,2050,125,6,63,http://149.165.170.68:30007/,13,0,0
1584758173828,16,Homepage,200,OK,Users-100 1-81,text,true,,2050,125,6,63,http://149.165.170.68:30007/,16,0,0
1584758173835,11,Homepage,200,OK,Users-100 1-83,text,true,,2050,125,6,62,http://149.165.170.68:30007/,11,0,0
1584758173843,14,Homepage,200,OK,Users-100 1-84,text,true,,2050,125,7,64,http://149.165.170.68:30007/,14,0,0
1584758173833,24,Homepage,200,OK,Users-100 1-85,text,true,,2050,125,7,64,http://149.165.170.68:30007/,24,0,11
1584758173843,14,Homepage,200,OK,Users-100 1-82,text,true,,2050,125,7,64,http://149.165.170.68:30007/,14,0,0
1584758173846,12,Homepage,200,OK,Users-100 1-83,text,true,,2050,125,6,63,http://149.165.170.68:30007/,12,0,0
1584758173844,17,Homepage,200,OK,Users-100 1-81,text,true,,2050,125,6,64,http://149.165.170.68:30007/,16,0,0
1584758173858,12,Homepage,200,OK,Users-100 1-85,text,true,,2050,125,5,63,http://149.165.170.68:30007/,11,0,0
1584758173858,12,Homepage,200,OK,Users-100 1-84,text,true,,2050,125,5,64,http://149.165.170.68:30007/,12,0,0
1584758173853,22,Homepage,200,OK,Users-100 1-87,text,true,,2050,125,5,64,http://149.165.170.68:30007/,22,0,9
1584758173842,36,Homepage,200,OK,Users-100 1-86,text,true,,2050,125,6,66,http://149.165.170.68:30007/,36,0,17
1584758173870,12,Homepage,200,OK,Users-100 1-85,text,true,,2050,125,6,66,http://149.165.170.68:30007/,12,0,0
1584758173875,14,Homepage,200,OK,Users-100 1-87,text,true,,2050,125,5,65,http://149.165.170.68:30007/,14,0,0
1584758173873,20,Homepage,200,OK,Users-100 1-89,text,true,,2050,125,6,67,http://149.165.170.68:30007/,20,0,10
1584758173862,36,Homepage,200,OK,Users-100 1-88,text,true,,2050,125,6,68,http://149.165.170.68:30007/,36,0,17
1584758173878,20,Homepage,200,OK,Users-100 1-86,text,true,,2050,125,6,68,http://149.165.170.68:30007/,20,0,0
1584758173890,11,Homepage,200,OK,Users-100 1-87,text,true,,2050,125,7,69,http://149.165.170.68:30007/,11,0,0
1584758173878,25,Homepage,200,OK,Users-100 1-90,text,true,,2050,125,6,68,http://149.165.170.68:30007/,24,0,12
1584758173894,12,Homepage,200,OK,Users-100 1-89,text,true,,2050,125,6,68,http://149.165.170.68:30007/,12,0,0
1584758173903,11,Homepage,200,OK,Users-100 1-90,text,true,,2050,125,7,70,http://149.165.170.68:30007/,11,0,0
1584758173899,16,Homepage,200,OK,Users-100 1-88,text,true,,2050,125,7,70,http://149.165.170.68:30007/,16,0,0
1584758173899,17,Homepage,200,OK,Users-100 1-86,text,true,,2050,125,7,70,http://149.165.170.68:30007/,16,0,0
1584758173894,27,Homepage,200,OK,Users-100 1-91,text,true,,2050,125,7,71,http://149.165.170.68:30007/,27,0,12
1584758173907,17,Homepage,200,OK,Users-100 1-89,text,true,,2050,125,7,71,http://149.165.170.68:30007/,16,0,0
1584758173901,25,Homepage,200,OK,Users-100 1-92,text,true,,2050,125,6,70,http://149.165.170.68:30007/,23,0,12
1584758173915,11,Homepage,200,OK,Users-100 1-90,text,true,,2050,125,6,70,http://149.165.170.68:30007/,11,0,0
1584758173915,17,Homepage,200,OK,Users-100 1-88,text,true,,2050,125,6,71,http://149.165.170.68:30007/,17,0,0
1584758173921,11,Homepage,200,OK,Users-100 1-91,text,true,,2050,125,5,70,http://149.165.170.68:30007/,11,0,0
1584758173926,12,Homepage,200,OK,Users-100 1-92,text,true,,2050,125,5,70,http://149.165.170.68:30007/,12,0,0
1584758173912,31,Homepage,200,OK,Users-100 1-93,text,true,,2050,125,6,72,http://149.165.170.68:30007/,30,0,15
1584758173921,23,Homepage,200,OK,Users-100 1-94,text,true,,2050,125,6,72,http://149.165.170.68:30007/,23,0,11
1584758173933,11,Homepage,200,OK,Users-100 1-91,text,true,,2050,125,6,72,http://149.165.170.68:30007/,11,0,0
1584758173939,13,Homepage,200,OK,Users-100 1-92,text,true,,2050,125,6,73,http://149.165.170.68:30007/,13,0,0
1584758173945,28,Homepage,200,OK,Users-100 1-94,text,true,,2050,125,7,76,http://149.165.170.68:30007/,27,0,0
1584758173943,30,Homepage,200,OK,Users-100 1-93,text,true,,2050,125,7,76,http://149.165.170.68:30007/,30,0,0
1584758173931,42,Homepage,200,OK,Users-100 1-95,text,true,,2050,125,7,76,http://149.165.170.68:30007/,42,0,15
1584758173943,30,Homepage,200,OK,Users-100 1-96,text,true,,2050,125,7,76,http://149.165.170.68:30007/,30,0,10
1584758173952,33,Homepage,200,OK,Users-100 1-97,text,true,,2050,125,8,78,http://149.165.170.68:30007/,33,0,21
1584758173973,14,Homepage,200,OK,Users-100 1-96,text,true,,2050,125,8,78,http://149.165.170.68:30007/,14,0,0
1584758173973,14,Homepage,200,OK,Users-100 1-94,text,true,,2050,125,8,78,http://149.165.170.68:30007/,14,0,0
1584758173973,15,Homepage,200,OK,Users-100 1-95,text,true,,2050,125,7,77,http://149.165.170.68:30007/,15,0,0
1584758173973,17,Homepage,200,OK,Users-100 1-93,text,true,,2050,125,7,78,http://149.165.170.68:30007/,16,0,0
1584758173962,29,Homepage,200,OK,Users-100 1-98,text,true,,2050,125,6,77,http://149.165.170.68:30007/,29,0,18
1584758173968,26,Homepage,200,OK,Users-100 1-99,text,true,,2050,125,6,77,http://149.165.170.68:30007/,26,0,12
1584758173985,12,Homepage,200,OK,Users-100 1-97,text,true,,2050,125,6,77,http://149.165.170.68:30007/,12,0,0
1584758173987,11,Homepage,200,OK,Users-100 1-96,text,true,,2050,125,6,77,http://149.165.170.68:30007/,11,0,0
1584758173988,12,Homepage,200,OK,Users-100 1-95,text,true,,2050,125,5,76,http://149.165.170.68:30007/,12,0,0
1584758173992,10,Homepage,200,OK,Users-100 1-98,text,true,,2050,125,5,76,http://149.165.170.68:30007/,10,0,0
1584758173995,12,Homepage,200,OK,Users-100 1-99,text,true,,2050,125,4,75,http://149.165.170.68:30007/,12,0,0
1584758173979,28,Homepage,200,OK,Users-100 1-100,text,true,,2050,125,4,75,http://149.165.170.68:30007/,28,0,15
1584758173997,12,Homepage,200,OK,Users-100 1-97,text,true,,2050,125,4,75,http://149.165.170.68:30007/,12,0,0
1584758174002,12,Homepage,200,OK,Users-100 1-98,text,true,,2050,125,3,74,http://149.165.170.68:30007/,12,0,0
1584758174007,13,Homepage,200,OK,Users-100 1-99,text,true,,2050,125,2,73,http://149.165.170.68:30007/,13,0,0
1584758174008,14,Homepage,200,OK,Users-100 1-100,text,true,,2050,125,1,72,http://149.165.170.68:30007/,14,0,0
1584758174022,13,Homepage,200,OK,Users-100 1-100,text,true,,2050,125,1,72,http://149.165.170.68:30007/,13,0,0
1584758555925,25,Homepage,200,OK,Users-100 1-1,text,true,,2050,125,3,6,http://149.165.170.68:30007/,25,0,11
1584758555937,24,Homepage,200,OK,Users-100 1-2,text,true,,2050,125,4,8,http://149.165.170.68:30007/,24,0,11
1584758555951,12,Homepage,200,OK,Users-100 1-1,text,true,,2050,125,4,8,http://149.165.170.68:30007/,12,0,0
1584758555946,27,Homepage,200,OK,Users-100 1-3,text,true,,2050,125,5,10,http://149.165.170.68:30007/,27,0,12
1584758555962,16,Homepage,200,OK,Users-100 1-2,text,true,,2050,125,5,10,http://149.165.170.68:30007/,16,0,0
1584758555963,15,Homepage,200,OK,Users-100 1-1,text,true,,2050,125,5,10,http://149.165.170.68:30007/,15,0,0
1584758555959,27,Homepage,200,OK,Users-100 1-4,text,true,,2050,125,5,12,http://149.165.170.68:30007/,27,0,13
1584758555973,31,Homepage,200,OK,Users-100 1-3,text,true,,2050,125,7,16,http://149.165.170.68:30007/,31,0,0
1584758555970,34,Homepage,200,OK,Users-100 1-5,text,true,,2050,125,7,16,http://149.165.170.68:30007/,34,0,12
1584758555978,26,Homepage,200,OK,Users-100 1-2,text,true,,2050,125,7,16,http://149.165.170.68:30007/,26,0,0
1584758555987,35,Homepage,200,OK,Users-100 1-4,text,true,,2050,125,8,18,http://149.165.170.68:30007/,35,0,0
1584758555979,47,Homepage,200,OK,Users-100 1-6,text,true,,2050,125,9,20,http://149.165.170.68:30007/,46,0,25
1584758556004,22,Homepage,200,OK,Users-100 1-3,text,true,,2050,125,9,20,http://149.165.170.68:30007/,22,0,0
1584758556004,22,Homepage,200,OK,Users-100 1-5,text,true,,2050,125,8,19,http://149.165.170.68:30007/,22,0,0
1584758555989,43,Homepage,200,OK,Users-100 1-7,text,true,,2050,125,8,19,http://149.165.170.68:30007/,43,0,29
1584758556005,32,Homepage,200,OK,Users-100 1-9,text,true,,2050,125,8,20,http://149.165.170.68:30007/,32,0,17
1584758556022,15,Homepage,200,OK,Users-100 1-4,text,true,,2050,125,8,20,http://149.165.170.68:30007/,15,0,0
1584758555999,38,Homepage,200,OK,Users-100 1-8,text,true,,2050,125,8,20,http://149.165.170.68:30007/,38,0,23
1584758556026,18,Homepage,200,OK,Users-100 1-5,text,true,,2050,125,8,20,http://149.165.170.68:30007/,18,0,0
1584758556032,12,Homepage,200,OK,Users-100 1-7,text,true,,2050,125,7,19,http://149.165.170.68:30007/,12,0,0
1584758556017,31,Homepage,200,OK,Users-100 1-10,text,true,,2050,125,7,19,http://149.165.170.68:30007/,31,0,15
1584758556025,26,Homepage,200,OK,Users-100 1-11,text,true,,2050,125,7,20,http://149.165.170.68:30007/,26,0,12
1584758556037,14,Homepage,200,OK,Users-100 1-9,text,true,,2050,125,7,20,http://149.165.170.68:30007/,14,0,0
1584758556037,20,Homepage,200,OK,Users-100 1-8,text,true,,2050,125,8,21,http://149.165.170.68:30007/,20,0,0
1584758556045,13,Homepage,200,OK,Users-100 1-7,text,true,,2050,125,8,21,http://149.165.170.68:30007/,13,0,0
1584758556051,13,Homepage,200,OK,Users-100 1-9,text,true,,2050,125,8,22,http://149.165.170.68:30007/,13,0,0
1584758556051,13,Homepage,200,OK,Users-100 1-11,text,true,,2050,125,8,22,http://149.165.170.68:30007/,13,0,0
1584758556049,15,Homepage,200,OK,Users-100 1-10,text,true,,2050,125,8,22,http://149.165.170.68:30007/,15,0,0
1584758556040,26,Homepage,200,OK,Users-100 1-12,text,true,,2050,125,7,21,http://149.165.170.68:30007/,26,0,15
1584758556057,16,Homepage,200,OK,Users-100 1-8,text,true,,2050,125,8,23,http://149.165.170.68:30007/,16,0,0
1584758556055,25,Homepage,200,OK,Users-100 1-13,text,true,,2050,125,8,24,http://149.165.170.68:30007/,24,0,10
1584758556067,13,Homepage,200,OK,Users-100 1-12,text,true,,2050,125,8,24,http://149.165.170.68:30007/,13,0,0
1584758556064,16,Homepage,200,OK,Users-100 1-10,text,true,,2050,125,8,24,http://149.165.170.68:30007/,16,0,0
1584758556064,16,Homepage,200,OK,Users-100 1-11,text,true,,2050,125,8,24,http://149.165.170.68:30007/,16,0,0
1584758556080,14,Homepage,200,OK,Users-100 1-13,text,true,,2050,125,7,24,http://149.165.170.68:30007/,14,0,0
1584758556068,26,Homepage,200,OK,Users-100 1-15,text,true,,2050,125,7,24,http://149.165.170.68:30007/,26,0,12
1584758556081,14,Homepage,200,OK,Users-100 1-12,text,true,,2050,125,7,24,http://149.165.170.68:30007/,14,0,0
1584758556026,69,Homepage,200,OK,Users-100 1-6,text,true,,2050,125,7,24,http://149.165.170.68:30007/,14,0,0
1584758556060,38,Homepage,200,OK,Users-100 1-14,text,true,,2050,125,6,24,http://149.165.170.68:30007/,37,0,21
1584758556076,27,Homepage,200,OK,Users-100 1-16,text,true,,2050,125,7,25,http://149.165.170.68:30007/,27,0,14
1584758556094,11,Homepage,200,OK,Users-100 1-13,text,true,,2050,125,8,26,http://149.165.170.68:30007/,11,0,0
1584758556094,11,Homepage,200,OK,Users-100 1-15,text,true,,2050,125,7,26,http://149.165.170.68:30007/,11,0,0
1584758556095,18,Homepage,200,OK,Users-100 1-6,text,true,,2050,125,7,26,http://149.165.170.68:30007/,18,0,0
1584758556103,13,Homepage,200,OK,Users-100 1-16,text,true,,2050,125,6,25,http://149.165.170.68:30007/,13,0,0
1584758556106,11,Homepage,200,OK,Users-100 1-15,text,true,,2050,125,6,25,http://149.165.170.68:30007/,11,0,0
1584758556098,23,Homepage,200,OK,Users-100 1-14,text,true,,2050,125,6,26,http://149.165.170.68:30007/,23,0,0
1584758556088,35,Homepage,200,OK,Users-100 1-17,text,true,,2050,125,6,26,http://149.165.170.68:30007/,35,0,16
1584758556100,25,Homepage,200,OK,Users-100 1-18,text,true,,2050,125,7,28,http://149.165.170.68:30007/,25,0,13
1584758556106,22,Homepage,200,OK,Users-100 1-19,text,true,,2050,125,7,28,http://149.165.170.68:30007/,22,0,9
1584758556116,13,Homepage,200,OK,Users-100 1-16,text,true,,2050,125,7,28,http://149.165.170.68:30007/,13,0,0
1584758556125,12,Homepage,200,OK,Users-100 1-18,text,true,,2050,125,6,27,http://149.165.170.68:30007/,12,0,0
1584758556121,17,Homepage,200,OK,Users-100 1-14,text,true,,2050,125,6,28,http://149.165.170.68:30007/,17,0,0
1584758556128,14,Homepage,200,OK,Users-100 1-19,text,true,,2050,125,6,28,http://149.165.170.68:30007/,14,0,0
1584758556119,24,Homepage,200,OK,Users-100 1-20,text,true,,2050,125,6,28,http://149.165.170.68:30007/,24,0,10
1584758556123,20,Homepage,200,OK,Users-100 1-17,text,true,,2050,125,6,28,http://149.165.170.68:30007/,20,0,0
1584758556138,12,Homepage,200,OK,Users-100 1-18,text,true,,2050,125,7,30,http://149.165.170.68:30007/,12,0,0
1584758556142,12,Homepage,200,OK,Users-100 1-19,text,true,,2050,125,6,29,http://149.165.170.68:30007/,12,0,0
1584758556143,17,Homepage,200,OK,Users-100 1-20,text,true,,2050,125,6,30,http://149.165.170.68:30007/,17,0,0
1584758556144,18,Homepage,200,OK,Users-100 1-17,text,true,,2050,125,6,30,http://149.165.170.68:30007/,18,0,0
1584758556128,34,Homepage,200,OK,Users-100 1-21,text,true,,2050,125,6,30,http://149.165.170.68:30007/,34,0,16
1584758556142,21,Homepage,200,OK,Users-100 1-22,text,true,,2050,125,5,29,http://149.165.170.68:30007/,21,0,10
1584758556161,15,Homepage,200,OK,Users-100 1-20,text,true,,2050,125,6,31,http://149.165.170.68:30007/,15,0,0
1584758556148,29,Homepage,200,OK,Users-100 1-23,text,true,,2050,125,5,30,http://149.165.170.68:30007/,29,0,13
1584758556163,14,Homepage,200,OK,Users-100 1-22,text,true,,2050,125,5,30,http://149.165.170.68:30007/,14,0,0
1584758556162,21,Homepage,200,OK,Users-100 1-21,text,true,,2050,125,6,32,http://149.165.170.68:30007/,21,0,0
1584758556177,20,Homepage,200,OK,Users-100 1-22,text,true,,2050,125,8,36,http://149.165.170.68:30007/,20,0,0
1584758556177,20,Homepage,200,OK,Users-100 1-23,text,true,,2050,125,8,36,http://149.165.170.68:30007/,20,0,0
1584758556169,29,Homepage,200,OK,Users-100 1-25,text,true,,2050,125,7,35,http://149.165.170.68:30007/,29,0,13
1584758556161,40,Homepage,200,OK,Users-100 1-24,text,true,,2050,125,7,35,http://149.165.170.68:30007/,40,0,17
1584758556183,24,Homepage,200,OK,Users-100 1-21,text,true,,2050,125,8,37,http://149.165.170.68:30007/,24,0,0
1584758556198,12,Homepage,200,OK,Users-100 1-23,text,true,,2050,125,7,36,http://149.165.170.68:30007/,11,0,0
1584758556198,12,Homepage,200,OK,Users-100 1-25,text,true,,2050,125,7,36,http://149.165.170.68:30007/,12,0,0
1584758556196,24,Homepage,200,OK,Users-100 1-27,text,true,,2050,125,7,37,http://149.165.170.68:30007/,24,0,11
1584758556201,19,Homepage,200,OK,Users-100 1-24,text,true,,2050,125,7,37,http://149.165.170.68:30007/,19,0,0
1584758556180,40,Homepage,200,OK,Users-100 1-26,text,true,,2050,125,7,37,http://149.165.170.68:30007/,40,0,20
1584758556198,22,Homepage,200,OK,Users-100 1-28,text,true,,2050,125,7,37,http://149.165.170.68:30007/,22,0,10
1584758556210,13,Homepage,200,OK,Users-100 1-25,text,true,,2050,125,7,37,http://149.165.170.68:30007/,13,0,0
1584758556205,21,Homepage,200,OK,Users-100 1-29,text,true,,2050,125,6,36,http://149.165.170.68:30007/,21,0,9
1584758556220,10,Homepage,200,OK,Users-100 1-27,text,true,,2050,125,7,38,http://149.165.170.68:30007/,10,0,0
1584758556222,12,Homepage,200,OK,Users-100 1-28,text,true,,2050,125,7,38,http://149.165.170.68:30007/,12,0,0
1584758556226,14,Homepage,200,OK,Users-100 1-29,text,true,,2050,125,8,40,http://149.165.170.68:30007/,14,0,0
1584758556221,19,Homepage,200,OK,Users-100 1-26,text,true,,2050,125,8,40,http://149.165.170.68:30007/,19,0,0
1584758556220,20,Homepage,200,OK,Users-100 1-24,text,true,,2050,125,8,40,http://149.165.170.68:30007/,20,0,0
1584758556231,11,Homepage,200,OK,Users-100 1-27,text,true,,2050,125,7,39,http://149.165.170.68:30007/,11,0,0
1584758556234,12,Homepage,200,OK,Users-100 1-28,text,true,,2050,125,6,38,http://149.165.170.68:30007/,12,0,0
1584758556240,12,Homepage,200,OK,Users-100 1-29,text,true,,2050,125,6,39,http://149.165.170.68:30007/,12,0,0
1584758556228,27,Homepage,200,OK,Users-100 1-31,text,true,,2050,125,5,38,http://149.165.170.68:30007/,27,0,13
1584758556221,37,Homepage,200,OK,Users-100 1-30,text,true,,2050,125,5,39,http://149.165.170.68:30007/,37,0,20
1584758556240,19,Homepage,200,OK,Users-100 1-26,text,true,,2050,125,6,40,http://149.165.170.68:30007/,18,0,0
1584758556241,22,Homepage,200,OK,Users-100 1-32,text,true,,2050,125,5,39,http://149.165.170.68:30007/,22,0,10
1584758556255,13,Homepage,200,OK,Users-100 1-31,text,true,,2050,125,6,41,http://149.165.170.68:30007/,13,0,0
1584758556263,13,Homepage,200,OK,Users-100 1-32,text,true,,2050,125,6,41,http://149.165.170.68:30007/,13,0,0
1584758556259,17,Homepage,200,OK,Users-100 1-30,text,true,,2050,125,6,41,http://149.165.170.68:30007/,17,0,0
1584758556268,12,Homepage,200,OK,Users-100 1-31,text,true,,2050,125,7,43,http://149.165.170.68:30007/,12,0,0
1584758556259,24,Homepage,200,OK,Users-100 1-34,text,true,,2050,125,6,42,http://149.165.170.68:30007/,23,0,10
1584758556249,34,Homepage,200,OK,Users-100 1-33,text,true,,2050,125,6,42,http://149.165.170.68:30007/,34,0,16
1584758556277,11,Homepage,200,OK,Users-100 1-32,text,true,,2050,125,6,42,http://149.165.170.68:30007/,11,0,0
1584758556277,16,Homepage,200,OK,Users-100 1-30,text,true,,2050,125,6,43,http://149.165.170.68:30007/,16,0,0
1584758556283,11,Homepage,200,OK,Users-100 1-34,text,true,,2050,125,5,43,http://149.165.170.68:30007/,11,0,0
1584758556283,15,Homepage,200,OK,Users-100 1-33,text,true,,2050,125,5,43,http://149.165.170.68:30007/,15,0,0
1584758556269,34,Homepage,200,OK,Users-100 1-35,text,true,,2050,125,6,44,http://149.165.170.68:30007/,34,0,16
1584758556279,24,Homepage,200,OK,Users-100 1-36,text,true,,2050,125,6,44,http://149.165.170.68:30007/,24,0,12
1584758556295,11,Homepage,200,OK,Users-100 1-34,text,true,,2050,125,7,46,http://149.165.170.68:30007/,11,0,0
1584758556298,16,Homepage,200,OK,Users-100 1-33,text,true,,2050,125,6,45,http://149.165.170.68:30007/,16,0,0
1584758556303,11,Homepage,200,OK,Users-100 1-36,text,true,,2050,125,5,44,http://149.165.170.68:30007/,11,0,0
1584758556291,28,Homepage,200,OK,Users-100 1-37,text,true,,2050,125,6,46,http://149.165.170.68:30007/,28,0,12
1584758556303,17,Homepage,200,OK,Users-100 1-35,text,true,,2050,125,6,46,http://149.165.170.68:30007/,17,0,0
1584758556299,24,Homepage,200,OK,Users-100 1-38,text,true,,2050,125,6,46,http://149.165.170.68:30007/,24,0,11
1584758556314,11,Homepage,200,OK,Users-100 1-36,text,true,,2050,125,6,46,http://149.165.170.68:30007/,11,0,0
1584758556306,22,Homepage,200,OK,Users-100 1-39,text,true,,2050,125,6,47,http://149.165.170.68:30007/,22,0,10
1584758556319,13,Homepage,200,OK,Users-100 1-37,text,true,,2050,125,6,47,http://149.165.170.68:30007/,13,0,0
1584758556320,15,Homepage,200,OK,Users-100 1-35,text,true,,2050,125,6,47,http://149.165.170.68:30007/,15,0,0
1584758556323,13,Homepage,200,OK,Users-100 1-38,text,true,,2050,125,5,46,http://149.165.170.68:30007/,13,0,0
1584758556316,26,Homepage,200,OK,Users-100 1-40,text,true,,2050,125,6,48,http://149.165.170.68:30007/,26,0,11
1584758556328,14,Homepage,200,OK,Users-100 1-39,text,true,,2050,125,6,48,http://149.165.170.68:30007/,14,0,0
1584758556332,12,Homepage,200,OK,Users-100 1-37,text,true,,2050,125,6,48,http://149.165.170.68:30007/,12,0,0
1584758556336,11,Homepage,200,OK,Users-100 1-38,text,true,,2050,125,6,48,http://149.165.170.68:30007/,11,0,0
1584758556342,14,Homepage,200,OK,Users-100 1-40,text,true,,2050,125,5,48,http://149.165.170.68:30007/,14,0,0
1584758556342,14,Homepage,200,OK,Users-100 1-39,text,true,,2050,125,5,48,http://149.165.170.68:30007/,14,0,0
1584758556328,30,Homepage,200,OK,Users-100 1-41,text,true,,2050,125,4,47,http://149.165.170.68:30007/,30,0,14
1584758556358,15,Homepage,200,OK,Users-100 1-41,text,true,,2050,125,6,51,http://149.165.170.68:30007/,15,0,0
1584758556356,17,Homepage,200,OK,Users-100 1-40,text,true,,2050,125,6,51,http://149.165.170.68:30007/,17,0,0
1584758556342,31,Homepage,200,OK,Users-100 1-42,text,true,,2050,125,6,51,http://149.165.170.68:30007/,31,0,16
1584758556348,26,Homepage,200,OK,Users-100 1-43,text,true,,2050,125,6,51,http://149.165.170.68:30007/,26,0,12
1584758556360,43,Homepage,200,OK,Users-100 1-44,text,true,,2050,125,8,56,http://149.165.170.68:30007/,43,0,12
1584758556373,30,Homepage,200,OK,Users-100 1-41,text,true,,2050,125,8,56,http://149.165.170.68:30007/,30,0,0
1584758556367,38,Homepage,200,OK,Users-100 1-45,text,true,,2050,125,8,57,http://149.165.170.68:30007/,38,0,21
1584758556375,30,Homepage,200,OK,Users-100 1-43,text,true,,2050,125,8,57,http://149.165.170.68:30007/,30,0,0
1584758556374,33,Homepage,200,OK,Users-100 1-42,text,true,,2050,125,8,57,http://149.165.170.68:30007/,31,0,0
1584758556377,34,Homepage,200,OK,Users-100 1-46,text,true,,2050,125,8,57,http://149.165.170.68:30007/,34,0,23
1584758556405,11,Homepage,200,OK,Users-100 1-45,text,true,,2050,125,8,57,http://149.165.170.68:30007/,11,0,0
1584758556403,13,Homepage,200,OK,Users-100 1-44,text,true,,2050,125,8,57,http://149.165.170.68:30007/,13,0,0
1584758556388,28,Homepage,200,OK,Users-100 1-47,text,true,,2050,125,8,57,http://149.165.170.68:30007/,28,0,15
1584758556405,12,Homepage,200,OK,Users-100 1-43,text,true,,2050,125,8,57,http://149.165.170.68:30007/,12,0,0
1584758556397,24,Homepage,200,OK,Users-100 1-48,text,true,,2050,125,8,58,http://149.165.170.68:30007/,24,0,10
1584758556407,14,Homepage,200,OK,Users-100 1-42,text,true,,2050,125,8,58,http://149.165.170.68:30007/,14,0,0
1584758556411,12,Homepage,200,OK,Users-100 1-46,text,true,,2050,125,7,57,http://149.165.170.68:30007/,12,0,0
1584758556405,22,Homepage,200,OK,Users-100 1-49,text,true,,2050,125,8,59,http://149.165.170.68:30007/,22,0,11
1584758556416,13,Homepage,200,OK,Users-100 1-44,text,true,,2050,125,8,59,http://149.165.170.68:30007/,13,0,0
1584758556416,13,Homepage,200,OK,Users-100 1-47,text,true,,2050,125,8,59,http://149.165.170.68:30007/,13,0,0
1584758556416,13,Homepage,200,OK,Users-100 1-45,text,true,,2050,125,8,59,http://149.165.170.68:30007/,13,0,0
1584758556422,11,Homepage,200,OK,Users-100 1-48,text,true,,2050,125,6,57,http://149.165.170.68:30007/,11,0,0
1584758556424,16,Homepage,200,OK,Users-100 1-46,text,true,,2050,125,7,59,http://149.165.170.68:30007/,16,0,0
1584758556427,14,Homepage,200,OK,Users-100 1-49,text,true,,2050,125,7,59,http://149.165.170.68:30007/,13,0,0
1584758556429,12,Homepage,200,OK,Users-100 1-47,text,true,,2050,125,7,59,http://149.165.170.68:30007/,12,0,0
1584758556420,24,Homepage,200,OK,Users-100 1-50,text,true,,2050,125,5,57,http://149.165.170.68:30007/,24,0,12
1584758556434,14,Homepage,200,OK,Users-100 1-48,text,true,,2050,125,6,59,http://149.165.170.68:30007/,14,0,0
1584758556441,12,Homepage,200,OK,Users-100 1-49,text,true,,2050,125,5,58,http://149.165.170.68:30007/,12,0,0
1584758556426,29,Homepage,200,OK,Users-100 1-51,text,true,,2050,125,4,57,http://149.165.170.68:30007/,29,0,14
1584758556445,15,Homepage,200,OK,Users-100 1-50,text,true,,2050,125,5,59,http://149.165.170.68:30007/,15,0,0
1584758556440,24,Homepage,200,OK,Users-100 1-52,text,true,,2050,125,5,59,http://149.165.170.68:30007/,24,0,10
1584758556456,13,Homepage,200,OK,Users-100 1-51,text,true,,2050,125,6,61,http://149.165.170.68:30007/,13,0,0
1584758556460,13,Homepage,200,OK,Users-100 1-50,text,true,,2050,125,6,61,http://149.165.170.68:30007/,11,0,0
1584758556448,25,Homepage,200,OK,Users-100 1-53,text,true,,2050,125,6,61,http://149.165.170.68:30007/,25,0,12
1584758556466,20,Homepage,200,OK,Users-100 1-52,text,true,,2050,125,6,62,http://149.165.170.68:30007/,20,0,0
1584758556473,14,Homepage,200,OK,Users-100 1-53,text,true,,2050,125,6,62,http://149.165.170.68:30007/,14,0,0
1584758556460,27,Homepage,200,OK,Users-100 1-54,text,true,,2050,125,6,62,http://149.165.170.68:30007/,27,0,10
1584758556470,17,Homepage,200,OK,Users-100 1-51,text,true,,2050,125,6,62,http://149.165.170.68:30007/,17,0,0
1584758556487,11,Homepage,200,OK,Users-100 1-53,text,true,,2050,125,7,65,http://149.165.170.68:30007/,11,0,0
1584758556487,11,Homepage,200,OK,Users-100 1-54,text,true,,2050,125,7,65,http://149.165.170.68:30007/,11,0,0
1584758556468,30,Homepage,200,OK,Users-100 1-55,text,true,,2050,125,7,65,http://149.165.170.68:30007/,30,0,18
1584758556478,25,Homepage,200,OK,Users-100 1-56,text,true,,2050,125,6,64,http://149.165.170.68:30007/,25,0,12
1584758556486,17,Homepage,200,OK,Users-100 1-52,text,true,,2050,125,6,64,http://149.165.170.68:30007/,17,0,0
1584758556498,11,Homepage,200,OK,Users-100 1-54,text,true,,2050,125,6,65,http://149.165.170.68:30007/,11,0,0
1584758556498,13,Homepage,200,OK,Users-100 1-55,text,true,,2050,125,5,64,http://149.165.170.68:30007/,13,0,0
1584758556488,26,Homepage,200,OK,Users-100 1-57,text,true,,2050,125,5,64,http://149.165.170.68:30007/,26,0,11
1584758556503,14,Homepage,200,OK,Users-100 1-56,text,true,,2050,125,5,64,http://149.165.170.68:30007/,14,0,0
1584758556496,24,Homepage,200,OK,Users-100 1-58,text,true,,2050,125,6,66,http://149.165.170.68:30007/,24,0,10
1584758556511,13,Homepage,200,OK,Users-100 1-55,text,true,,2050,125,6,66,http://149.165.170.68:30007/,13,0,0
1584758556514,15,Homepage,200,OK,Users-100 1-57,text,true,,2050,125,6,67,http://149.165.170.68:30007/,15,0,0
1584758556517,12,Homepage,200,OK,Users-100 1-56,text,true,,2050,125,6,67,http://149.165.170.68:30007/,12,0,0
1584758556521,11,Homepage,200,OK,Users-100 1-58,text,true,,2050,125,5,66,http://149.165.170.68:30007/,11,0,0
1584758556509,30,Homepage,200,OK,Users-100 1-59,text,true,,2050,125,5,67,http://149.165.170.68:30007/,30,0,13
1584758556529,12,Homepage,200,OK,Users-100 1-57,text,true,,2050,125,6,68,http://149.165.170.68:30007/,11,0,0
1584758556519,22,Homepage,200,OK,Users-100 1-60,text,true,,2050,125,5,67,http://149.165.170.68:30007/,22,0,10
1584758556533,19,Homepage,200,OK,Users-100 1-58,text,true,,2050,125,6,69,http://149.165.170.68:30007/,19,0,0
1584758556528,25,Homepage,200,OK,Users-100 1-61,text,true,,2050,125,6,69,http://149.165.170.68:30007/,25,0,11
1584758556539,14,Homepage,200,OK,Users-100 1-59,text,true,,2050,125,5,68,http://149.165.170.68:30007/,14,0,0
1584758556542,12,Homepage,200,OK,Users-100 1-60,text,true,,2050,125,5,68,http://149.165.170.68:30007/,12,0,0
1584758556541,23,Homepage,200,OK,Users-100 1-62,text,true,,2050,125,6,70,http://149.165.170.68:30007/,23,0,11
1584758556553,12,Homepage,200,OK,Users-100 1-61,text,true,,2050,125,6,70,http://149.165.170.68:30007/,12,0,0
1584758556554,11,Homepage,200,OK,Users-100 1-60,text,true,,2050,125,6,70,http://149.165.170.68:30007/,11,0,0
1584758556554,14,Homepage,200,OK,Users-100 1-59,text,true,,2050,125,5,69,http://149.165.170.68:30007/,14,0,0
1584758556549,28,Homepage,200,OK,Users-100 1-63,text,true,,2050,125,6,72,http://149.165.170.68:30007/,28,0,11
1584758556565,12,Homepage,200,OK,Users-100 1-61,text,true,,2050,125,6,72,http://149.165.170.68:30007/,12,0,0
1584758556565,13,Homepage,200,OK,Users-100 1-62,text,true,,2050,125,5,71,http://149.165.170.68:30007/,13,0,0
1584758556560,23,Homepage,200,OK,Users-100 1-64,text,true,,2050,125,5,71,http://149.165.170.68:30007/,23,0,10
1584758556577,15,Homepage,200,OK,Users-100 1-63,text,true,,2050,125,5,72,http://149.165.170.68:30007/,15,0,0
1584758556578,14,Homepage,200,OK,Users-100 1-62,text,true,,2050,125,6,73,http://149.165.170.68:30007/,14,0,0
1584758556569,25,Homepage,200,OK,Users-100 1-65,text,true,,2050,125,5,72,http://149.165.170.68:30007/,24,0,13
1584758556583,24,Homepage,200,OK,Users-100 1-64,text,true,,2050,125,6,75,http://149.165.170.68:30007/,24,0,0
1584758556577,34,Homepage,200,OK,Users-100 1-66,text,true,,2050,125,7,76,http://149.165.170.68:30007/,34,0,12
1584758556593,18,Homepage,200,OK,Users-100 1-63,text,true,,2050,125,7,76,http://149.165.170.68:30007/,18,0,0
1584758556594,22,Homepage,200,OK,Users-100 1-65,text,true,,2050,125,6,76,http://149.165.170.68:30007/,22,0,0
1584758556608,12,Homepage,200,OK,Users-100 1-64,text,true,,2050,125,6,76,http://149.165.170.68:30007/,12,0,0
1584758556612,17,Homepage,200,OK,Users-100 1-66,text,true,,2050,125,7,78,http://149.165.170.68:30007/,14,0,0
1584758556593,37,Homepage,200,OK,Users-100 1-67,text,true,,2050,125,7,78,http://149.165.170.68:30007/,37,0,23
1584758556617,13,Homepage,200,OK,Users-100 1-65,text,true,,2050,125,7,78,http://149.165.170.68:30007/,13,0,0
1584758556600,30,Homepage,200,OK,Users-100 1-68,text,true,,2050,125,7,78,http://149.165.170.68:30007/,30,0,16
1584758556609,26,Homepage,200,OK,Users-100 1-69,text,true,,2050,125,6,77,http://149.165.170.68:30007/,26,0,11
1584758556630,12,Homepage,200,OK,Users-100 1-68,text,true,,2050,125,7,79,http://149.165.170.68:30007/,12,0,0
1584758556630,13,Homepage,200,OK,Users-100 1-66,text,true,,2050,125,7,79,http://149.165.170.68:30007/,13,0,0
1584758556630,13,Homepage,200,OK,Users-100 1-67,text,true,,2050,125,7,79,http://149.165.170.68:30007/,13,0,0
1584758556635,17,Homepage,200,OK,Users-100 1-69,text,true,,2050,125,7,80,http://149.165.170.68:30007/,17,0,0
1584758556622,30,Homepage,200,OK,Users-100 1-70,text,true,,2050,125,7,80,http://149.165.170.68:30007/,30,0,15
1584758556628,24,Homepage,200,OK,Users-100 1-71,text,true,,2050,125,7,80,http://149.165.170.68:30007/,24,0,11
1584758556643,11,Homepage,200,OK,Users-100 1-68,text,true,,2050,125,7,80,http://149.165.170.68:30007/,10,0,0
1584758556643,12,Homepage,200,OK,Users-100 1-67,text,true,,2050,125,6,79,http://149.165.170.68:30007/,12,0,0
1584758556653,12,Homepage,200,OK,Users-100 1-71,text,true,,2050,125,6,80,http://149.165.170.68:30007/,12,0,0
1584758556653,14,Homepage,200,OK,Users-100 1-69,text,true,,2050,125,6,80,http://149.165.170.68:30007/,14,0,0
1584758556653,14,Homepage,200,OK,Users-100 1-70,text,true,,2050,125,5,79,http://149.165.170.68:30007/,14,0,0
1584758556641,29,Homepage,200,OK,Users-100 1-72,text,true,,2050,125,6,81,http://149.165.170.68:30007/,29,0,14
1584758556649,25,Homepage,200,OK,Users-100 1-73,text,true,,2050,125,6,81,http://149.165.170.68:30007/,25,0,12
1584758556665,15,Homepage,200,OK,Users-100 1-71,text,true,,2050,125,7,83,http://149.165.170.68:30007/,14,0,0
1584758556667,13,Homepage,200,OK,Users-100 1-70,text,true,,2050,125,7,83,http://149.165.170.68:30007/,13,0,0
1584758556674,19,Homepage,200,OK,Users-100 1-73,text,true,,2050,125,6,83,http://149.165.170.68:30007/,19,0,0
1584758556660,33,Homepage,200,OK,Users-100 1-74,text,true,,2050,125,6,83,http://149.165.170.68:30007/,33,0,14
1584758556670,25,Homepage,200,OK,Users-100 1-72,text,true,,2050,125,6,83,http://149.165.170.68:30007/,25,0,0
1584758556668,31,Homepage,200,OK,Users-100 1-75,text,true,,2050,125,7,85,http://149.165.170.68:30007/,31,0,15
1584758556693,13,Homepage,200,OK,Users-100 1-73,text,true,,2050,125,8,87,http://149.165.170.68:30007/,12,0,0
1584758556693,12,Homepage,200,OK,Users-100 1-74,text,true,,2050,125,8,87,http://149.165.170.68:30007/,12,0,0
1584758556679,30,Homepage,200,OK,Users-100 1-76,text,true,,2050,125,7,86,http://149.165.170.68:30007/,29,0,15
1584758556688,23,Homepage,200,OK,Users-100 1-77,text,true,,2050,125,7,86,http://149.165.170.68:30007/,23,0,11
1584758556696,19,Homepage,200,OK,Users-100 1-72,text,true,,2050,125,7,86,http://149.165.170.68:30007/,18,0,0
1584758556700,18,Homepage,200,OK,Users-100 1-75,text,true,,2050,125,6,85,http://149.165.170.68:30007/,18,0,0
1584758556706,13,Homepage,200,OK,Users-100 1-74,text,true,,2050,125,6,85,http://149.165.170.68:30007/,12,0,0
1584758556709,16,Homepage,200,OK,Users-100 1-76,text,true,,2050,125,6,86,http://149.165.170.68:30007/,16,0,0
1584758556711,14,Homepage,200,OK,Users-100 1-77,text,true,,2050,125,6,86,http://149.165.170.68:30007/,14,0,0
1584758556699,29,Homepage,200,OK,Users-100 1-78,text,true,,2050,125,7,88,http://149.165.170.68:30007/,29,0,12
1584758556706,25,Homepage,200,OK,Users-100 1-79,text,true,,2050,125,7,88,http://149.165.170.68:30007/,25,0,12
1584758556718,18,Homepage,200,OK,Users-100 1-75,text,true,,2050,125,7,88,http://149.165.170.68:30007/,18,0,0
1584758556726,11,Homepage,200,OK,Users-100 1-77,text,true,,2050,125,6,87,http://149.165.170.68:30007/,11,0,0
1584758556728,13,Homepage,200,OK,Users-100 1-78,text,true,,2050,125,6,88,http://149.165.170.68:30007/,13,0,0
1584758556725,17,Homepage,200,OK,Users-100 1-76,text,true,,2050,125,6,88,http://149.165.170.68:30007/,17,0,0
1584758556731,11,Homepage,200,OK,Users-100 1-79,text,true,,2050,125,6,88,http://149.165.170.68:30007/,11,0,0
1584758556741,13,Homepage,200,OK,Users-100 1-78,text,true,,2050,125,6,89,http://149.165.170.68:30007/,13,0,0
1584758556742,14,Homepage,200,OK,Users-100 1-79,text,true,,2050,125,5,88,http://149.165.170.68:30007/,14,0,0
1584758556719,37,Homepage,200,OK,Users-100 1-80,text,true,,2050,125,4,87,http://149.165.170.68:30007/,37,0,18
1584758556726,32,Homepage,200,OK,Users-100 1-81,text,true,,2050,125,4,87,http://149.165.170.68:30007/,31,0,16
1584758556740,25,Homepage,200,OK,Users-100 1-82,text,true,,2050,125,5,89,http://149.165.170.68:30007/,25,0,12
1584758556757,17,Homepage,200,OK,Users-100 1-80,text,true,,2050,125,6,91,http://149.165.170.68:30007/,17,0,0
1584758556758,17,Homepage,200,OK,Users-100 1-81,text,true,,2050,125,6,91,http://149.165.170.68:30007/,16,0,0
1584758556766,11,Homepage,200,OK,Users-100 1-82,text,true,,2050,125,6,91,http://149.165.170.68:30007/,11,0,0
1584758556753,27,Homepage,200,OK,Users-100 1-83,text,true,,2050,125,7,93,http://149.165.170.68:30007/,27,0,14
1584758556759,27,Homepage,200,OK,Users-100 1-84,text,true,,2050,125,7,93,http://149.165.170.68:30007/,27,0,12
1584758556774,15,Homepage,200,OK,Users-100 1-80,text,true,,2050,125,8,95,http://149.165.170.68:30007/,15,0,0
1584758556775,17,Homepage,200,OK,Users-100 1-81,text,true,,2050,125,7,94,http://149.165.170.68:30007/,17,0,0
1584758556777,16,Homepage,200,OK,Users-100 1-82,text,true,,2050,125,7,94,http://149.165.170.68:30007/,16,0,0
1584758556768,25,Homepage,200,OK,Users-100 1-85,text,true,,2050,125,7,94,http://149.165.170.68:30007/,25,0,12
1584758556781,14,Homepage,200,OK,Users-100 1-83,text,true,,2050,125,5,92,http://149.165.170.68:30007/,14,0,0
1584758556787,12,Homepage,200,OK,Users-100 1-84,text,true,,2050,125,6,94,http://149.165.170.68:30007/,12,0,0
1584758556793,11,Homepage,200,OK,Users-100 1-85,text,true,,2050,125,6,94,http://149.165.170.68:30007/,11,0,0
1584758556780,28,Homepage,200,OK,Users-100 1-86,text,true,,2050,125,7,96,http://149.165.170.68:30007/,28,0,13
1584758556795,14,Homepage,200,OK,Users-100 1-83,text,true,,2050,125,7,96,http://149.165.170.68:30007/,14,0,0
1584758556799,13,Homepage,200,OK,Users-100 1-84,text,true,,2050,125,6,95,http://149.165.170.68:30007/,13,0,0
1584758556791,23,Homepage,200,OK,Users-100 1-87,text,true,,2050,125,5,94,http://149.165.170.68:30007/,23,0,12
1584758556804,12,Homepage,200,OK,Users-100 1-85,text,true,,2050,125,5,94,http://149.165.170.68:30007/,11,0,0
1584758556796,25,Homepage,200,OK,Users-100 1-88,text,true,,2050,125,5,95,http://149.165.170.68:30007/,25,0,13
1584758556808,14,Homepage,200,OK,Users-100 1-86,text,true,,2050,125,5,95,http://149.165.170.68:30007/,14,0,0
1584758556814,11,Homepage,200,OK,Users-100 1-87,text,true,,2050,125,5,95,http://149.165.170.68:30007/,11,0,0
1584758556807,25,Homepage,200,OK,Users-100 1-89,text,true,,2050,125,6,97,http://149.165.170.68:30007/,25,0,14
1584758556821,12,Homepage,200,OK,Users-100 1-88,text,true,,2050,125,6,97,http://149.165.170.68:30007/,12,0,0
1584758556822,14,Homepage,200,OK,Users-100 1-86,text,true,,2050,125,7,99,http://149.165.170.68:30007/,14,0,0
1584758556825,11,Homepage,200,OK,Users-100 1-87,text,true,,2050,125,7,99,http://149.165.170.68:30007/,11,0,0
1584758556821,24,Homepage,200,OK,Users-100 1-90,text,true,,2050,125,5,97,http://149.165.170.68:30007/,23,0,11
1584758556833,14,Homepage,200,OK,Users-100 1-88,text,true,,2050,125,6,99,http://149.165.170.68:30007/,14,0,0
1584758556832,15,Homepage,200,OK,Users-100 1-89,text,true,,2050,125,6,99,http://149.165.170.68:30007/,15,0,0
1584758556846,11,Homepage,200,OK,Users-100 1-90,text,true,,2050,125,6,100,http://149.165.170.68:30007/,11,0,0
1584758556829,30,Homepage,200,OK,Users-100 1-91,text,true,,2050,125,6,100,http://149.165.170.68:30007/,29,0,13
1584758556837,23,Homepage,200,OK,Users-100 1-92,text,true,,2050,125,6,100,http://149.165.170.68:30007/,23,0,11
1584758556847,13,Homepage,200,OK,Users-100 1-89,text,true,,2050,125,6,100,http://149.165.170.68:30007/,13,0,0
1584758556857,13,Homepage,200,OK,Users-100 1-90,text,true,,2050,125,6,101,http://149.165.170.68:30007/,12,0,0
1584758556860,14,Homepage,200,OK,Users-100 1-91,text,true,,2050,125,5,100,http://149.165.170.68:30007/,14,0,0
1584758556860,14,Homepage,200,OK,Users-100 1-92,text,true,,2050,125,5,100,http://149.165.170.68:30007/,14,0,0
1584758556848,32,Homepage,200,OK,Users-100 1-93,text,true,,2050,125,6,102,http://149.165.170.68:30007/,32,0,11
1584758556857,26,Homepage,200,OK,Users-100 1-94,text,true,,2050,125,6,102,http://149.165.170.68:30007/,26,0,11
1584758556874,12,Homepage,200,OK,Users-100 1-92,text,true,,2050,125,6,102,http://149.165.170.68:30007/,12,0,0
1584758556874,18,Homepage,200,OK,Users-100 1-91,text,true,,2050,125,6,103,http://149.165.170.68:30007/,17,0,0
1584758556880,13,Homepage,200,OK,Users-100 1-93,text,true,,2050,125,5,102,http://149.165.170.68:30007/,13,0,0
1584758556868,26,Homepage,200,OK,Users-100 1-95,text,true,,2050,125,5,102,http://149.165.170.68:30007/,26,0,13
1584758556883,16,Homepage,200,OK,Users-100 1-94,text,true,,2050,125,5,103,http://149.165.170.68:30007/,15,0,0
1584758556880,20,Homepage,200,OK,Users-100 1-96,text,true,,2050,125,6,104,http://149.165.170.68:30007/,20,0,10
1584758556894,12,Homepage,200,OK,Users-100 1-95,text,true,,2050,125,6,104,http://149.165.170.68:30007/,12,0,0
1584758556894,12,Homepage,200,OK,Users-100 1-93,text,true,,2050,125,6,104,http://149.165.170.68:30007/,12,0,0
1584758556900,12,Homepage,200,OK,Users-100 1-96,text,true,,2050,125,6,105,http://149.165.170.68:30007/,12,0,0
1584758556899,16,Homepage,200,OK,Users-100 1-94,text,true,,2050,125,6,105,http://149.165.170.68:30007/,16,0,0
1584758556888,27,Homepage,200,OK,Users-100 1-97,text,true,,2050,125,5,104,http://149.165.170.68:30007/,27,0,13
1584758556907,13,Homepage,200,OK,Users-100 1-95,text,true,,2050,125,6,106,http://149.165.170.68:30007/,13,0,0
1584758556912,12,Homepage,200,OK,Users-100 1-96,text,true,,2050,125,5,105,http://149.165.170.68:30007/,11,0,0
1584758556900,24,Homepage,200,OK,Users-100 1-98,text,true,,2050,125,4,104,http://149.165.170.68:30007/,24,0,12
1584758556915,17,Homepage,200,OK,Users-100 1-97,text,true,,2050,125,4,105,http://149.165.170.68:30007/,17,0,0
1584758556909,23,Homepage,200,OK,Users-100 1-99,text,true,,2050,125,4,105,http://149.165.170.68:30007/,23,0,11
1584758556924,12,Homepage,200,OK,Users-100 1-98,text,true,,2050,125,4,105,http://149.165.170.68:30007/,12,0,0
1584758556918,21,Homepage,200,OK,Users-100 1-100,text,true,,2050,125,4,105,http://149.165.170.68:30007/,21,0,10
1584758556932,10,Homepage,200,OK,Users-100 1-99,text,true,,2050,125,4,105,http://149.165.170.68:30007/,10,0,0
1584758556932,14,Homepage,200,OK,Users-100 1-97,text,true,,2050,125,4,105,http://149.165.170.68:30007/,14,0,0
1584758556936,12,Homepage,200,OK,Users-100 1-98,text,true,,2050,125,3,104,http://149.165.170.68:30007/,11,0,0
1584758556939,11,Homepage,200,OK,Users-100 1-100,text,true,,2050,125,2,103,http://149.165.170.68:30007/,11,0,0
1584758556943,12,Homepage,200,OK,Users-100 1-99,text,true,,2050,125,2,103,http://149.165.170.68:30007/,12,0,0
1584758556951,11,Homepage,200,OK,Users-100 1-100,text,true,,2050,125,1,102,http://149.165.170.68:30007/,11,0,0
